entropy_manual,noise_mean,noise_std,noise_abs_mean,lsb_ratio,lsb_entropy,total_frequency_energy,high_freq_ratio,local_variance_mean,local_variance_std,local_variance_max,hist_skewness,hist_kurtosis,edge_density,edge_mean_strength,chisq_max_pvalue,chisq_mean_pvalue,chisq_fraction_high,srm_diagonal_ratio,srm_entropy,srm_energy,label,dataset,path
0.978014872307564,-0.1913161661806299,5.550972084795955,0.4799749580350639,0.9521173229498442,0.2773337115709081,9.413801423058092e+17,0.0040062802993888,308.3693532793719,1707.4254953877562,15958.310399999997,-7.281882972738086,57.779968305395975,0.0341059775542519,0.0135108842563552,0.0,0.0,0.0,2.0912710759208784,0.7020818226456257,352.0071378738311,0,DOCILE,../datasets/clean_docile_only/DOCILE/img_000.png
1.1934608108359632,-0.2254280888751949,6.021171371081332,0.5870265148088275,0.9467713493865908,0.2999568538860963,9.340222283359985e+17,0.0046006992714329,341.71394365765474,1778.278666807672,15958.310399999997,-6.7772525163370325,50.51761914666383,0.0373254002759579,0.0151615072227717,0.0,0.0,0.0,2.096122280107884,0.794975492548595,400.1990240959861,0,DOCILE,../datasets/clean_docile_only/DOCILE/img_001.png
0.9963644591724554,-0.1468403130142223,4.8667872941333785,0.3992942342995306,0.9538021240176948,0.2700207925625671,9.409541161223e+17,0.0035609499138438,281.0234214598934,1639.662629303141,16079.910399999995,-7.428072490616957,60.7130657662637,0.0302302630388558,0.0121787768569001,0.0,0.0,0.0,2.0839402185965694,0.6465904665594611,309.49604074939083,0,DOCILE,../datasets/clean_docile_only/DOCILE/img_002.png
0.9000826217512558,-0.1359392520393123,4.8568692854856605,0.3897703780023605,0.9588252506135126,0.2476526865577404,9.432195732576696e+17,0.0034922809053217,273.6591002614363,1619.0470901084586,15958.310399999997,-7.5767343008101955,62.869792425497394,0.0296210153989473,0.0118655991062162,0.0,0.0,0.0,2.088064211165505,0.619594758434338,302.71109950526585,0,DOCILE,../datasets/clean_docile_only/DOCILE/img_003.png
0.9000826217512558,-0.1359392520393123,4.8568692854856605,0.3897703780023605,0.9588252506135126,0.2476526865577404,9.432195732576696e+17,0.0034922809053217,273.6591002614363,1619.0470901084586,15958.310399999997,-7.5767343008101955,62.869792425497394,0.0296210153989473,0.0118655991062162,0.0,0.0,0.0,2.088064211165505,0.619594758434338,302.71109950526585,0,DOCILE,../datasets/clean_docile_only/DOCILE/img_004.png
1.1021776373737715,-0.2105210372667243,5.697905947894739,0.5209628232282318,0.9503479974958036,0.2849168458318603,9.365057291924108e+17,0.004519567140205,343.26294931856296,1796.0271157467037,16011.097599999976,-6.88515855967428,51.58758694915724,0.0370992264596999,0.0149901490284911,0.0,0.0,0.0,2.0938218920927505,0.7458928125405747,393.4165595074614,0,DOCILE,../datasets/clean_docile_only/DOCILE/img_005.png
1.477723888037004,-0.3212009390219882,7.13484722501169,0.7943648341331702,0.9367160492423048,0.3403453397222967,9.22397752254396e+17,0.0059959080366657,431.6964358948019,1969.2986589022216,16079.910399999995,-6.0319603219916615,39.84248614603345,0.047050615890688,0.019267712767358,0.0,0.0,0.0,2.109460502342126,0.942111033211373,523.0446838612762,0,DOCILE,../datasets/clean_docile_only/DOCILE/img_006.png
1.5936707969947954,-0.3559911246809656,7.488675084078427,0.8629461633941685,0.9330889966826116,0.3542889200430797,9.155321211031356e+17,0.0064372538321067,454.2749722566777,2004.0020968524243,16079.9104,-5.783173602828617,36.91312363651512,0.049651744019835,0.020466175288311,0.0,0.0,0.0,2.097273269662016,0.9893726003663172,555.5955129025792,0,DOCILE,../datasets/clean_docile_only/DOCILE/img_007.png
1.6061929573846894,-0.3430451939227225,7.394776022698995,0.8621717442473013,0.9320204223324284,0.3583381903929198,9.15104743998442e+17,0.0065297974292598,464.63055782353,2029.5089318224573,16079.9104,-5.736067773255312,36.16741723349731,0.0503054509699108,0.0208605556540097,0.0,0.0,0.0,2.110874485432797,1.0042690358823794,565.9538006992766,0,DOCILE,../datasets/clean_docile_only/DOCILE/img_008.png
1.0540009174977247,-0.2183337270911772,5.757163177883263,0.5188636717289967,0.95167247136381,0.2792494851987865,9.385138980159072e+17,0.0044039817097347,334.6161292959514,1774.108038607056,16011.097599999976,-7.009837175127105,53.39731583035179,0.0364067468554085,0.0146290776023777,0.0,0.0,0.0,2.091033760019144,0.7370703630873958,383.8140361746115,0,DOCILE,../datasets/clean_docile_only/DOCILE/img_009.png
1.4122462968175309,-0.2640296264435705,6.393411181842916,0.6615165380879291,0.9406718939097466,0.3247719572264151,9.244194269936096e+17,0.0052126904988681,384.4749621894332,1867.38358275733,15958.310399999997,-6.270075231489752,43.62077264091823,0.0427522794443413,0.017218070485782,0.0,0.0,0.0,2.095891015667558,0.8716656017194887,451.9949161829173,0,DOCILE,../datasets/clean_docile_only/DOCILE/img_010.png
0.9716686727939512,-0.1418753453997279,4.829112479787789,0.3904897399802414,0.955592386705012,0.2621481721485331,9.413690842287025e+17,0.0034785256404176,272.87714692820344,1617.3136889970522,16079.910399999995,-7.505575705149865,62.15548439298236,0.0295468303872147,0.0118420410573876,0.0,0.0,0.0,2.081877480110053,0.6304576051612801,301.87093053863407,0,DOCILE,../datasets/clean_docile_only/DOCILE/img_011.png
1.4006677911210694,-0.2995727770474158,6.8712973828758885,0.7375202457876096,0.9396547579474894,0.3288138793842588,9.25419575704974e+17,0.0056053527864076,405.70136410635325,1914.1250510100424,15958.310399999997,-6.211099811633021,42.35635197140848,0.0447547577923988,0.0181506735885646,0.0,0.0,0.0,2.097462738352121,0.8984793351875618,489.4907585260718,0,DOCILE,../datasets/clean_docile_only/DOCILE/img_012.png
1.8467498761363368,-0.4596893638337987,8.32107701849853,1.079365296820177,0.9247919071648246,0.3850653248366077,9.033664053534084e+17,0.0080053491801538,553.2214781959758,2190.2481274149745,15958.310399999997,-5.276193659178939,30.47935484059921,0.0599047847006208,0.0250291350715035,0.0,0.0,0.0,2.113846599079624,1.1512565151690783,690.4424507402044,0,DOCILE,../datasets/clean_docile_only/DOCILE/img_013.png
1.0133469417517802,-0.1441311384219943,4.960160190060162,0.4089700794012261,0.9549275649273944,0.2650842037706734,9.39465559724304e+17,0.0036211434305316,279.8187714321077,1629.9771198761207,16067.680000000026,-7.357143722245536,59.76724158139434,0.0304840946817876,0.0122010647390397,0.0,0.0,0.0,2.085009568410956,0.6410373190418753,312.22288622238887,0,DOCILE,../datasets/clean_docile_only/DOCILE/img_014.png
1.6027220592257918,-0.3551872383168946,7.4308239215523555,0.8599280999900225,0.9320961582503297,0.3580520562455152,9.157181205451626e+17,0.006428103512022,453.84853388229374,2004.62109659792,16079.9104,-5.792777731632191,37.02317651579969,0.0495744571957652,0.0204566547358433,0.0,0.0,0.0,2.0980321260890964,0.9906069299015076,555.6574003566994,0,DOCILE,../datasets/clean_docile_only/DOCILE/img_015.png
1.040562694911645,-0.2101379634430737,5.712980405296469,0.5091878266273012,0.9522072755076244,0.2769455673848567,9.391047457722292e+17,0.004296994536777,322.6684621969267,1737.5688529502254,16011.097599999976,-7.096504218450658,54.89026654407577,0.0355762366021093,0.0141894562518641,0.0,0.0,0.0,2.0959094323839844,0.7235346029232669,372.8521193099972,0,DOCILE,../datasets/clean_docile_only/DOCILE/img_016.png
1.408668383145775,-0.2855954936870364,6.715826716403532,0.7102646207801782,0.9433678857995412,0.3139279848663331,9.239644849408448e+17,0.0053346877451012,389.2565673355455,1871.6471186915912,15958.310399999997,-6.228911563672595,43.06065647511095,0.0434266651433321,0.0175669519849036,0.0,0.0,0.0,2.0941383439852674,0.8847899359617153,466.2817508608904,0,DOCILE,../datasets/clean_docile_only/DOCILE/img_017.png
1.3158806216776815,-0.2422308647904493,6.209215372503495,0.6187484910975402,0.9443372021549324,0.3099816200044825,9.277279767690908e+17,0.0049191125675295,361.3045690254131,1811.203604555377,15958.310399999997,-6.458451315231823,46.2068224829204,0.039557412736972,0.0160880557246086,0.0,0.0,0.0,2.1004990022766683,0.8131424670288724,427.3586755832448,0,DOCILE,../datasets/clean_docile_only/DOCILE/img_018.png
1.580151053614475,-0.3262183789618544,7.113412207189688,0.8002218312789858,0.9336294874823778,0.3522307528651743,9.1644618309778e+17,0.0060685546189803,432.083401010683,1958.0460050703296,16079.9104,-5.883027693522216,38.42106292691216,0.0475944669871528,0.0195082729214573,0.0,0.0,0.0,2.102883720747307,0.9580504279663145,525.5140663107082,0,DOCILE,../datasets/clean_docile_only/DOCILE/img_019.png
1.557453734592459,-0.3543145951126811,7.398417026261225,0.844815036345486,0.9371836474521456,0.3385247912748567,9.18819063880929e+17,0.0063794837266836,455.2652697446728,2012.859907750016,16067.680000000026,-5.861377071138369,37.725701695538056,0.0505450659729635,0.0205438304724124,0.0,0.0,0.0,2.103071585980428,0.9864769579230032,554.7801818756895,0,DOCILE,../datasets/clean_docile_only/DOCILE/img_020.png
1.8115597105182792,-0.4162350408637927,8.022875204634481,1.0042414698868305,0.9249648332026263,0.3844389930051722,9.048379582739976e+17,0.0074584811871512,514.2392580134139,2113.773030402834,15958.310399999997,-5.396900706059491,32.18516628875687,0.0565227753155706,0.0233701050875762,0.0,0.0,0.0,2.1065926609480794,1.1136402575326856,639.794720861979,0,DOCILE,../datasets/clean_docile_only/DOCILE/img_021.png
1.3192651210559236,-0.2260487098270067,6.038226168274961,0.6030615921706121,0.943350050378602,0.3140003589962883,9.282677952719352e+17,0.0046837921308367,349.79179364098184,1792.2519904823173,15958.310399999997,-6.539848185585362,47.50378187865298,0.0382851527099758,0.015566873278734,0.0,0.0,0.0,2.095111407923028,0.8154151471599728,408.72593392020434,0,DOCILE,../datasets/clean_docile_only/DOCILE/img_022.png
1.2614650193090975,-0.2369032436168579,6.062240367680172,0.5964885933436141,0.9472761693444784,0.2978568085715725,9.298497042072596e+17,0.0048709188336629,360.6175804073054,1818.717951013134,15958.310399999997,-6.542759446862752,47.13907872652663,0.0391836443503331,0.0159767327179324,0.0,0.0,0.0,2.100011927957332,0.7921069595911526,420.9334092075198,0,DOCILE,../datasets/clean_docile_only/DOCILE/img_023.png
1.6027220592257918,-0.3551872383168946,7.4308239215523555,0.8599280999900225,0.9320961582503297,0.3580520562455152,9.157181205451626e+17,0.006428103512022,453.84853388229374,2004.62109659792,16079.9104,-5.792777731632191,37.02317651579969,0.0495744571957652,0.0204566547358433,0.0,0.0,0.0,2.0980321260890964,0.9906069299015076,555.6574003566994,0,DOCILE,../datasets/clean_docile_only/DOCILE/img_024.png
1.26610206169837,-0.2118328454010204,5.84391451821511,0.5751662183686225,0.945576117699303,0.3049000361956477,9.306498436425798e+17,0.0044795435565594,335.9251447097883,1755.8435895884782,15958.310399999997,-6.671016136289132,49.43813997026508,0.0370676913676045,0.0149791675839999,0.0,0.0,0.0,2.093268540254289,0.792387110101609,391.2499335474658,0,DOCILE,../datasets/clean_docile_only/DOCILE/img_025.png
1.5582616300618657,-0.3311662866084939,7.309273715411151,0.8330855329921685,0.9361652190680811,0.3424831201089784,9.17682877651453e+17,0.0062787558618774,448.6978575496892,1995.647232590388,16067.680000000026,-5.839299366161081,37.45899941594082,0.0489696037900011,0.0201872821392567,0.0,0.0,0.0,2.0989997858058964,0.9668725219075236,545.7784459649808,0,DOCILE,../datasets/clean_docile_only/DOCILE/img_026.png
1.315364692639218,-0.2465602193601685,6.26888793922969,0.632609714979634,0.945314531525528,0.3059765210221453,9.271955061537128e+17,0.005054925074239,372.51380299749616,1841.9051699614847,15958.310399999997,-6.393298105682567,45.12101097244282,0.0403930926774999,0.0165211032377471,0.0,0.0,0.0,2.099202560227406,0.8249480528366808,436.8071338487577,0,DOCILE,../datasets/clean_docile_only/DOCILE/img_027.png
1.4310243035578187,-0.3230545303778576,7.152478814819068,0.7823223062181515,0.9374478184695348,0.3374939006345918,9.24542931173214e+17,0.005897216992068,423.7569645490837,1953.9513320496733,16079.910399999995,-6.119338072559668,40.94388141318318,0.0463901883472148,0.0189114088253773,0.0,0.0,0.0,2.0973950224493194,0.920163047333317,516.3482119393533,0,DOCILE,../datasets/clean_docile_only/DOCILE/img_028.png
0.9996390798309504,-0.1530907233581461,5.079524237012816,0.4338564367517201,0.9537594740980576,0.2702070487522663,9.404301750519516e+17,0.0038036896717193,293.4533234362135,1668.9605007776831,16079.910399999995,-7.293209723410772,58.21865645573661,0.0314658182865278,0.0127344229022861,0.0,0.0,0.0,2.086982022878392,0.6668159270815054,326.5964898878169,0,DOCILE,../datasets/clean_docile_only/DOCILE/img_029.png
1.043121307485214,-0.2134269184580063,5.784605377356349,0.5169061696598294,0.9520878557326404,0.2774608065513071,9.388978247743684e+17,0.004312021312888,326.1233978600658,1749.6931969267828,16011.097599999976,-7.0631287275415255,54.30454394228735,0.0357429590152366,0.0142898907322369,0.0,0.0,0.0,2.0884999520095966,0.7248489627060576,377.9526351809821,0,DOCILE,../datasets/clean_docile_only/DOCILE/img_030.png
1.1308367864663906,-0.2171069603117942,5.914492199324899,0.5589659694998793,0.945988400255796,0.3031995047925683,9.363714562723524e+17,0.0045466915854756,342.5557712463106,1786.6754892174038,15958.310399999997,-6.861170456256693,51.25996667606995,0.0373362566191382,0.0150305461848382,0.0,0.0,0.0,2.0945702424105845,0.7663879375345533,397.7256057358427,0,DOCILE,../datasets/clean_docile_only/DOCILE/img_031.png
1.3248751281794715,-0.2611821627179734,6.45526583216502,0.6605353314519118,0.944610420124972,0.3088646306382499,9.270824411781862e+17,0.0051106256061332,374.8241175355341,1842.688816784131,15958.310399999997,-6.3717360207838185,44.78613838374851,0.0408002055467642,0.0166830989505274,0.0,0.0,0.0,2.0927506186384424,0.8399202850019365,444.28901414887184,0,DOCILE,../datasets/clean_docile_only/DOCILE/img_032.png
1.5229120075166147,-0.3659967958278556,7.547100599842523,0.8712877122221229,0.9329111594419426,0.3549646386571811,9.203570033554456e+17,0.0065665460093209,466.83622302403774,2042.2049008496024,15958.310399999997,-5.858271546701965,37.39363248662489,0.051558841638522,0.0210040845893825,0.0,0.0,0.0,2.1060045384117068,0.9946283144850973,574.9550997180766,0,DOCILE,../datasets/clean_docile_only/DOCILE/img_033.png
1.3067479884634472,-0.2713069951554861,6.55617372451555,0.6710990703351457,0.94447523280394,0.3094175698405975,9.28319890543482e+17,0.0052449950237074,383.8389988168727,1870.9205758301048,15958.310399999997,-6.390667922811144,44.86047100763059,0.042649919637212,0.0171480717343011,0.0,0.0,0.0,2.099808116892332,0.8480028854685431,458.42339023673713,0,DOCILE,../datasets/clean_docile_only/DOCILE/img_034.png
1.8576842225285788,-0.438157875010404,8.153070826986266,1.0472447376461276,0.9229639057607376,0.3916485967681782,9.037225812376602e+17,0.0078324664747342,540.8169781288217,2168.9379336818224,15958.310399999997,-5.315308843554205,31.03985963945066,0.0586405376888292,0.0244493906429767,0.0,0.0,0.0,2.112590769691312,1.144208102315653,671.8453435363429,0,DOCILE,../datasets/clean_docile_only/DOCILE/img_035.png
1.1327821793491486,-0.2234194069024629,5.981566580333639,0.5653843946787376,0.945990726615049,0.3031898957327502,9.362419398760262e+17,0.0045849773999086,343.80650778426485,1789.0674266535452,15958.310399999997,-6.84763798969388,51.04072828320134,0.0374455955040264,0.0150951140043519,0.0,0.0,0.0,2.090367780741329,0.7680529665391472,400.7213315225519,0,DOCILE,../datasets/clean_docile_only/DOCILE/img_036.png
1.315364692639218,-0.2465602193601685,6.26888793922969,0.632609714979634,0.945314531525528,0.3059765210221453,9.271955061537128e+17,0.005054925074239,372.51380299749616,1841.9051699614847,15958.310399999997,-6.393298105682567,45.12101097244282,0.0403930926774999,0.0165211032377471,0.0,0.0,0.0,2.099202560227406,0.8249480528366808,436.8071338487577,0,DOCILE,../datasets/clean_docile_only/DOCILE/img_037.png
1.5582253795709782,-0.3351590945396213,7.193955874958561,0.8230943369695191,0.9334485484293716,0.3529205162834104,9.175824364260913e+17,0.0062941082976146,450.5563029498844,2005.226358819452,16079.9104,-5.845402611140348,37.58433032605292,0.0488336410158848,0.0201971969832886,0.0,0.0,0.0,2.104380403380825,0.9797402878876768,544.4690508319467,0,DOCILE,../datasets/clean_docile_only/DOCILE/img_038.png
1.2532458150469872,-0.2375690993319213,6.245974674606971,0.6181599222065466,0.9453308160402988,0.3059095624802914,9.311047700386916e+17,0.0049813809519137,371.8541315170568,1851.313773305364,15958.310399999997,-6.531486090524211,46.61195469744028,0.0399908910111029,0.0164242874234479,0.0,0.0,0.0,2.0964525204593807,0.8166717339819795,436.4859277646661,0,DOCILE,../datasets/clean_docile_only/DOCILE/img_039.png
1.4993906054952602,-0.3178527910882863,7.129959687315938,0.7873400046423791,0.9389945888883776,0.3314231639997299,9.20243700326832e+17,0.0060303684071749,432.00348969687406,1970.5002871719169,16067.680000000026,-5.976555051929601,39.30606903559758,0.0470578534528082,0.0193577877313616,0.0,0.0,0.0,2.09966859075431,0.930302263993932,526.2619795500466,0,DOCILE,../datasets/clean_docile_only/DOCILE/img_040.png
1.0290879969019162,-0.1535443634124692,5.070050091292512,0.4304276416972497,0.9539548882753044,0.2693531676859755,9.389243792589873e+17,0.0037977004015115,292.6639636012725,1663.257973537584,16067.680000000026,-7.250136227359731,57.818115911893344,0.031576966561946,0.0127539855643168,0.0,0.0,0.0,2.0888978740695374,0.6611740805878901,326.3168371260252,0,DOCILE,../datasets/clean_docile_only/DOCILE/img_041.png
1.5628978861008649,-0.3355072729744777,7.210387609121689,0.8110151042751762,0.9341255189719768,0.3503359008769006,9.178391395652324e+17,0.006212742228977,443.1065091403794,1989.548718635093,16067.680000000026,-5.882760131082173,38.1735886129669,0.0482114691579044,0.0198695147603649,0.0,0.0,0.0,2.10511397928711,0.96695744778099,536.6907005092569,0,DOCILE,../datasets/clean_docile_only/DOCILE/img_042.png
1.5367149323476232,-0.3489008986467309,7.346481175435071,0.8429270665695455,0.9341366337995184,0.3502933760455195,9.194374954297892e+17,0.0063652232007512,454.4273470093718,2015.79370041145,16079.9104,-5.883026939210642,37.887731465157785,0.0491714800762839,0.0203608706124865,0.0,0.0,0.0,2.102348482951656,0.981259680349264,551.4176419686789,0,DOCILE,../datasets/clean_docile_only/DOCILE/img_043.png
1.8576842225285788,-0.438157875010404,8.153070826986266,1.0472447376461276,0.9229639057607376,0.3916485967681782,9.037225812376602e+17,0.0078324664747342,540.8169781288217,2168.9379336818224,15958.310399999997,-5.315308843554205,31.03985963945066,0.0586405376888292,0.0244493906429767,0.0,0.0,0.0,2.112590769691312,1.144208102315653,671.8453435363429,0,DOCILE,../datasets/clean_docile_only/DOCILE/img_044.png
0.9716686727939512,-0.1418753453997279,4.829112479787789,0.3904897399802414,0.955592386705012,0.2621481721485331,9.413690842287025e+17,0.0034785256404176,272.87714692820344,1617.3136889970522,16079.910399999995,-7.505575705149865,62.15548439298236,0.0295468303872147,0.0118420410573876,0.0,0.0,0.0,2.081877480110053,0.6304576051612801,301.87093053863407,0,DOCILE,../datasets/clean_docile_only/DOCILE/img_045.png
0.9996390798309504,-0.1530907233581461,5.079524237012816,0.4338564367517201,0.9537594740980576,0.2702070487522663,9.404301750519516e+17,0.0038036896717193,293.4533234362135,1668.9605007776831,16079.910399999995,-7.293209723410772,58.21865645573661,0.0314658182865278,0.0127344229022861,0.0,0.0,0.0,2.086982022878392,0.6668159270815054,326.5964898878169,0,DOCILE,../datasets/clean_docile_only/DOCILE/img_046.png
1.8074814313871403,-0.4305106151772712,8.09015531649186,1.0271302600921342,0.924313711096165,0.3867941083662611,9.064298254133138e+17,0.0075181163942404,519.4989261802901,2123.7579632278203,15958.310399999997,-5.40893425551424,32.223032153942626,0.0570270783047354,0.0235976156877346,0.0,0.0,0.0,2.113396662428277,1.1340007623065629,646.1928773245365,0,DOCILE,../datasets/clean_docile_only/DOCILE/img_047.png
1.1408075637401758,-0.2179217030190456,5.8258138280647,0.5482884974976129,0.9448805362826744,0.3077582989544461,9.365197872034244e+17,0.0045135183181714,339.888647588116,1779.4185739538127,15958.310399999997,-6.891904011909884,51.79477977406135,0.0370485635248581,0.0149258165847909,0.0,0.0,0.0,2.097210418951511,0.7655752670348501,393.6885654386887,0,DOCILE,../datasets/clean_docile_only/DOCILE/img_048.png
1.1934608108359632,-0.2254280888751949,6.021171371081332,0.5870265148088275,0.9467713493865908,0.2999568538860963,9.340222283359985e+17,0.0046006992714329,341.71394365765474,1778.278666807672,15958.310399999997,-6.7772525163370325,50.51761914666383,0.0373254002759579,0.0151615072227717,0.0,0.0,0.0,2.096122280107884,0.794975492548595,400.1990240959861,0,DOCILE,../datasets/clean_docile_only/DOCILE/img_049.png
1.1156867636588743,-0.2123891037468342,5.776789866515023,0.5338888506906444,0.9469566826737416,0.2991867205231063,9.369589935962948e+17,0.0043567414494905,328.42672919534937,1749.373087995889,15958.310399999997,-6.964918480506841,53.05686888301095,0.0361896199918008,0.0144666086383509,0.0,0.0,0.0,2.091030782064752,0.7493027461455453,380.00805529996376,0,DOCILE,../datasets/clean_docile_only/DOCILE/img_050.png
1.5795741227349258,-0.3472825280597698,7.3190115085079395,0.8308917762166471,0.9340218667430402,0.3507323302640834,9.16028219962992e+17,0.0062264235024758,444.1816335951184,1985.940149168869,16079.9104,-5.838477890536698,37.73914423058959,0.0485888563256034,0.0199965990447378,0.0,0.0,0.0,2.103260300886953,0.9729491414741152,543.887749805749,0,DOCILE,../datasets/clean_docile_only/DOCILE/img_051.png
0.9637111475840656,-0.1717633751440404,5.296677906740696,0.4593572114293513,0.9529330995945414,0.2738042200641745,9.418197765620878e+17,0.003865713498261,298.5653979285129,1679.2193726763137,16079.9104,-7.336474089953405,58.71296567821885,0.0332361776780143,0.01310868607298,0.0,0.0,0.0,2.0894941342769977,0.6886520079202443,336.67809945048765,0,DOCILE,../datasets/clean_docile_only/DOCILE/img_052.png
1.339475638379455,-0.2675408780093395,6.620631793598682,0.6824165496163317,0.943875032116682,0.311866437610439,9.264351561197436e+17,0.0052845304004256,389.7944075498186,1883.61076771336,15958.310399999997,-6.301679497143693,43.63944134589417,0.0419326255342225,0.0172684484501392,0.0,0.0,0.0,2.096130796615797,0.856170155406134,463.50417581742335,0,DOCILE,../datasets/clean_docile_only/DOCILE/img_053.png
1.3388635366903572,-0.267590765491097,6.553829359314511,0.6805076426071146,0.9439277629264152,0.3116516861423273,9.263255688942624e+17,0.0053987889777163,391.9506342116536,1886.482364628036,15958.310399999997,-6.280217413423681,43.30765584751862,0.0421158909464818,0.0173502084310475,0.0,0.0,0.0,2.098065620890079,0.845324622007665,464.9133742472433,0,DOCILE,../datasets/clean_docile_only/DOCILE/img_054.png
1.535352944607419,-0.3377418702791062,7.269505041048313,0.8077905118662416,0.9387495457137348,0.3323888854893582,9.180713264126924e+17,0.0061257559597823,436.6712911597921,1976.6633979020464,16067.680000000026,-5.912741452523566,38.66705260845362,0.0476627068585723,0.0196107745562228,0.0,0.0,0.0,2.10191599763799,0.9540965203850348,530.4958618818027,0,DOCILE,../datasets/clean_docile_only/DOCILE/img_055.png
1.017274251030055,-0.1504420341064945,4.974119695522639,0.4116073953409744,0.95476678765458,0.265792006821471,9.393515691608682e+17,0.0036757429383739,283.5648777430027,1639.601556354674,16067.680000000026,-7.343279832515075,59.53589428872529,0.0308583800371493,0.0123805180298052,0.0,0.0,0.0,2.0830926549501423,0.6461904074033975,315.29107915992074,0,DOCILE,../datasets/clean_docile_only/DOCILE/img_056.png
1.5169356514740004,-0.3339302598853467,7.239487212026725,0.8203161470527872,0.9375406143552908,0.3371313704628653,9.1982110295037e+17,0.0061506844134391,443.8964916149306,1997.0924449894128,16079.9104,-5.927753022488703,38.56849328922938,0.0480525012756203,0.0198692697366238,0.0,0.0,0.0,2.1004191652378195,0.952693781570964,539.3327998959769,0,DOCILE,../datasets/clean_docile_only/DOCILE/img_057.png
1.675839586521441,-0.3558577467504638,7.551097377613266,0.903144100378783,0.935593451660581,0.3446944111202858,9.123139403266522e+17,0.006667844775183,472.1703133349591,2047.156785963534,15958.310399999997,-5.667638474747983,35.517718432189376,0.0522102222293449,0.0214290685195853,0.0,0.0,0.0,2.106641616923614,1.0311756453346903,580.3043883550612,0,DOCILE,../datasets/clean_docile_only/DOCILE/img_058.png
1.499555634801221,-0.3063579915351541,7.013872748712477,0.7687916838343364,0.94024461926029,0.3264731057907172,9.206232723344156e+17,0.0057149301551509,411.5132312193367,1914.7282576834032,16067.680000000026,-6.044403449187598,40.55370642929248,0.0469516163802573,0.0187293966334565,0.0,0.0,0.0,2.094066075190494,0.9313587202682134,498.69891512072303,0,DOCILE,../datasets/clean_docile_only/DOCILE/img_059.png
1.2614650193090975,-0.2369032436168579,6.062240367680172,0.5964885933436141,0.9472761693444784,0.2978568085715725,9.298497042072596e+17,0.0048709188336629,360.6175804073054,1818.717951013134,15958.310399999997,-6.542759446862752,47.13907872652663,0.0391836443503331,0.0159767327179324,0.0,0.0,0.0,2.100011927957332,0.7921069595911526,420.9334092075198,0,DOCILE,../datasets/clean_docile_only/DOCILE/img_060.png
1.0211483348052297,-0.1833556233014346,5.412180093563339,0.4712317245094354,0.951446297547552,0.2802211292475245,9.396229443326956e+17,0.0039925872118393,306.27418531033965,1696.049138040551,15958.310399999997,-7.197098553592968,56.75131484188598,0.0341103717883964,0.0134776255359811,0.0,0.0,0.0,2.08647289801842,0.7003620292108806,349.5444770758385,0,DOCILE,../datasets/clean_docile_only/DOCILE/img_061.png
0.9637111475840656,-0.1717633751440404,5.296677906740696,0.4593572114293513,0.9529330995945414,0.2738042200641745,9.418197765620878e+17,0.003865713498261,298.5653979285129,1679.2193726763137,16079.9104,-7.336474089953405,58.71296567821885,0.0332361776780143,0.01310868607298,0.0,0.0,0.0,2.0894941342769977,0.6886520079202443,336.67809945048765,0,DOCILE,../datasets/clean_docile_only/DOCILE/img_062.png
1.1323139815553367,-0.2194128993001794,5.9168029845719765,0.5603403308496433,0.945948852148496,0.3033628354344256,9.36456055057664e+17,0.0045012769121949,338.7289543962314,1773.165067034975,15958.310399999997,-6.881070684547678,51.63180862765927,0.0371183543024463,0.0149138697303105,0.0,0.0,0.0,2.0932369491123994,0.7682991000604904,392.82936150212623,0,DOCILE,../datasets/clean_docile_only/DOCILE/img_063.png
1.8332756538080384,-0.45163111386598,8.46164700717419,1.087857283546488,0.9261024228773136,0.3803031283323332,9.036470060891628e+17,0.0079165028558246,543.4724562286316,2171.4953183216417,15958.310399999997,-5.300749134601793,30.81803780530116,0.0592037751124019,0.0246442626056553,0.0,0.0,0.0,2.1005647697881527,1.136501366413163,683.8999961824321,0,DOCILE,../datasets/clean_docile_only/DOCILE/img_064.png
1.0261547227861618,-0.143116845787713,5.019870854293906,0.418571739491189,0.9542997064134624,0.2678433892833011,9.394105855474504e+17,0.0036460315169327,279.1498844341289,1621.3461223104628,16067.680000000026,-7.340506775985137,59.46154815482494,0.030600671128796,0.0122307052798035,0.0,0.0,0.0,2.0894509825073686,0.6435049370534505,313.66754677463257,0,DOCILE,../datasets/clean_docile_only/DOCILE/img_065.png
1.803087244475896,-0.4268623668999401,8.11465913233474,1.0077796038261888,0.9299561662219874,0.3660872086773111,9.038145376518415e+17,0.0072665758513173,501.7927808858171,2089.4328780915844,15958.310399999997,-5.434569552495746,32.86205483260179,0.0557659331052812,0.0229059257946964,0.0,0.0,0.0,2.107390600983577,1.0818033451165836,627.9003941960364,0,DOCILE,../datasets/clean_docile_only/DOCILE/img_066.png
0.9831922535738358,-0.1441642244202583,4.897203967448939,0.4043638880804072,0.9549759015029832,0.264871238407311,9.409429254762446e+17,0.0036075816442506,281.2098840689424,1640.115952670857,16079.910399999995,-7.420692647492657,60.59338653593205,0.0303367585957681,0.0122077768534016,0.0,0.0,0.0,2.087372872787669,0.6445174316034671,310.6486553963546,0,DOCILE,../datasets/clean_docile_only/DOCILE/img_067.png
1.3929127877165368,-0.3177219980013989,7.057216594717375,0.7657632810557329,0.9408874698671856,0.3239118752193617,9.244553960942074e+17,0.0059097681034264,425.5815994768364,1957.4830997008053,15958.310399999997,-6.102507227732664,40.68648861793872,0.0465667331660767,0.0189760932366381,0.0,0.0,0.0,2.10222873748911,0.9112073317935178,513.0372847777148,0,DOCILE,../datasets/clean_docile_only/DOCILE/img_068.png
0.8806569906788337,-0.1221348947167347,4.557652961459446,0.3542336895075511,0.9599587045384168,0.2424814952012819,9.439467207878118e+17,0.0032408403331053,256.96603306635865,1571.013011353577,15958.310399999997,-7.731520660199671,65.78959521888198,0.0281776387246795,0.0111576128491705,0.0,0.0,0.0,2.081487656128884,0.5972104605912585,280.3488266946589,0,DOCILE,../datasets/clean_docile_only/DOCILE/img_069.png
1.5318176343122565,-0.3522319866125779,7.272660594802426,0.8233362783318247,0.9352858552704704,0.3458807875476595,9.194450670213132e+17,0.0062932273007014,448.4354235993197,2000.2542855204847,16011.097599999976,-5.9078858153793785,38.31984197655701,0.0500937522778934,0.0202547928517085,0.0,0.0,0.0,2.106730172315791,0.9694094723203724,549.1226084955078,0,DOCILE,../datasets/clean_docile_only/DOCILE/img_070.png
1.3192651210559236,-0.2260487098270067,6.038226168274961,0.6030615921706121,0.943350050378602,0.3140003589962883,9.282677952719352e+17,0.0046837921308367,349.79179364098184,1792.2519904823173,15958.310399999997,-6.539848185585362,47.50378187865298,0.0382851527099758,0.015566873278734,0.0,0.0,0.0,2.095111407923028,0.8154151471599728,408.72593392020434,0,DOCILE,../datasets/clean_docile_only/DOCILE/img_071.png
1.339475638379455,-0.2675408780093395,6.620631793598682,0.6824165496163317,0.943875032116682,0.311866437610439,9.264351561197436e+17,0.0052845304004256,389.7944075498186,1883.61076771336,15958.310399999997,-6.301679497143693,43.63944134589417,0.0419326255342225,0.0172684484501392,0.0,0.0,0.0,2.096130796615797,0.856170155406134,463.50417581742335,0,DOCILE,../datasets/clean_docile_only/DOCILE/img_072.png
1.0227048748998095,-0.1508085649310131,5.017638907715073,0.4225159523623661,0.9543573484260628,0.2675906220901347,9.391505093841336e+17,0.0037318387497422,287.0286725312356,1645.9840066985043,16067.680000000026,-7.289590512045015,58.54252621690198,0.0311817439733078,0.0125348282752991,0.0,0.0,0.0,2.086603634985788,0.6533101397001563,320.9139068234981,0,DOCILE,../datasets/clean_docile_only/DOCILE/img_073.png
1.499555634801221,-0.3063579915351541,7.013872748712477,0.7687916838343364,0.94024461926029,0.3264731057907172,9.206232723344156e+17,0.0057149301551509,411.5132312193367,1914.7282576834032,16067.680000000026,-6.044403449187598,40.55370642929248,0.0469516163802573,0.0187293966334565,0.0,0.0,0.0,2.094066075190494,0.9313587202682134,498.69891512072303,0,DOCILE,../datasets/clean_docile_only/DOCILE/img_074.png
1.6849566276596568,-0.4137902957733154,8.016549981337286,0.9723693141841224,0.9318831671365052,0.3588564147560813,9.116185020533272e+17,0.0069881448026673,489.386914313168,2068.210860352273,15958.310399999997,-5.59598833659508,34.496955686444885,0.0542866271047735,0.022280516715214,0.0,0.0,0.0,2.104880018821824,1.0580681984806883,612.3012587043686,0,DOCILE,../datasets/clean_docile_only/DOCILE/img_075.png
1.0779128751366016,-0.1972804343364422,5.591753434303566,0.502021089222081,0.9516786749884846,0.2792228118130074,9.374836718679142e+17,0.0042164103314849,317.8868623139683,1721.4568198366255,16011.097599999976,-7.036891805651667,54.25482817934124,0.0352929377419736,0.0140103935438657,0.0,0.0,0.0,2.094843792688581,0.7166981145782954,365.90912637012406,0,DOCILE,../datasets/clean_docile_only/DOCILE/img_076.png
1.3100681709681938,-0.2539645038935499,6.320223343413378,0.645508860068457,0.9423742719141748,0.3179469398508072,9.291667952102976e+17,0.005037136584095,370.1040216440397,1840.7025120156584,15958.310399999997,-6.477119985530504,46.16301259973462,0.0400640420853897,0.0164183622898211,0.0,0.0,0.0,2.097200198159206,0.8403344174246798,436.0606208797234,0,DOCILE,../datasets/clean_docile_only/DOCILE/img_077.png
1.516416892258473,-0.3668422981741182,7.4351268795100784,0.8539653827403788,0.9336897143385928,0.3520009911962203,9.212601259223247e+17,0.0062996786058909,447.5219644670937,1996.415424692176,15958.310399999997,-5.9529471760628985,38.81972994679468,0.0501769842422763,0.0202573900667441,0.0,0.0,0.0,2.1053022978304985,0.9767633871029412,550.3284894282029,0,DOCILE,../datasets/clean_docile_only/DOCILE/img_078.png
1.009644871157541,-0.1483638198405358,5.026408382602417,0.4120271739439492,0.9551374542288816,0.264158886452238,9.395292739540876e+17,0.0035816462094519,278.33153220658863,1623.5309432895278,16067.680000000026,-7.37231622111192,60.076580266348685,0.0304398938559818,0.0121784906715741,0.0,0.0,0.0,2.085986924570055,0.6352754668389138,311.2021065778986,0,DOCILE,../datasets/clean_docile_only/DOCILE/img_079.png
0.8899094592281676,-0.1303640028474637,4.688395418686229,0.3697680826612309,0.9595440956226708,0.244378603232744,9.434801831321898e+17,0.0034001974549658,267.4416676674889,1602.9366303683346,15958.310399999997,-7.639637042462311,64.0638717497606,0.0290277937894479,0.0115897410755019,0.0,0.0,0.0,2.087073094656412,0.6059957117125079,293.34380381834166,0,DOCILE,../datasets/clean_docile_only/DOCILE/img_080.png
1.8441662618614425,-0.4260057497261358,8.086631455138109,1.023744631926024,0.9225092317689688,0.3932754490672556,9.045422068576448e+17,0.0075251365210353,522.3892254727137,2132.8646781062744,15958.310399999997,-5.376795600988787,31.89025569867192,0.0571095348160341,0.0236947744125199,0.0,0.0,0.0,2.1053658056461257,1.1309268319240582,649.9738151664616,0,DOCILE,../datasets/clean_docile_only/DOCILE/img_081.png
1.4993906054952602,-0.3178527910882863,7.129959687315938,0.7873400046423791,0.9389945888883776,0.3314231639997299,9.20243700326832e+17,0.0060303684071749,432.00348969687406,1970.5002871719169,16067.680000000026,-5.976555051929601,39.30606903559758,0.0470578534528082,0.0193577877313616,0.0,0.0,0.0,2.09966859075431,0.930302263993932,526.2619795500466,0,DOCILE,../datasets/clean_docile_only/DOCILE/img_082.png
1.3158806216776815,-0.2422308647904493,6.209215372503495,0.6187484910975402,0.9443372021549324,0.3099816200044825,9.277279767690908e+17,0.0049191125675295,361.3045690254131,1811.203604555377,15958.310399999997,-6.458451315231823,46.2068224829204,0.039557412736972,0.0160880557246086,0.0,0.0,0.0,2.1004990022766683,0.8131424670288724,427.3586755832448,0,DOCILE,../datasets/clean_docile_only/DOCILE/img_083.png
1.071558454629561,-0.1566733166076719,5.101828338622823,0.4374043930968132,0.9527157142465724,0.2747468244719072,9.368502141411528e+17,0.0038317422919917,292.6869290318845,1660.603252746279,16079.9104,-7.146339934486673,56.59318469598974,0.0315565462973924,0.0127551100211218,0.0,0.0,0.0,2.086570093630705,0.6687773508938921,326.88644332680315,0,DOCILE,../datasets/clean_docile_only/DOCILE/img_084.png
1.6363896380303875,-0.4052765963606435,7.789402122821324,0.9226361475904348,0.9330628897621064,0.3543881628309106,9.134676616285568e+17,0.0070542219040572,494.7605564593545,2090.9832299235263,15958.310399999997,-5.63222688000142,34.76022937363266,0.0543031701039055,0.0222739793843288,0.0,0.0,0.0,2.111067878543025,1.0424304456247704,610.0774156467263,0,DOCILE,../datasets/clean_docile_only/DOCILE/img_085.png
1.0540009174977247,-0.2183337270911772,5.757163177883263,0.5188636717289967,0.95167247136381,0.2792494851987865,9.385138980159072e+17,0.0044039817097347,334.6161292959514,1774.108038607056,16011.097599999976,-7.009837175127105,53.39731583035179,0.0364067468554085,0.0146290776023777,0.0,0.0,0.0,2.091033760019144,0.7370703630873958,383.8140361746115,0,DOCILE,../datasets/clean_docile_only/DOCILE/img_086.png
1.3198039308966114,-0.2553623873202047,6.433431723997663,0.6529211576170431,0.9450133972444532,0.3072133910102192,9.270352434098884e+17,0.0051593272393604,376.80318324360354,1851.520366450299,15958.310399999997,-6.3725272297500215,44.78028307447806,0.0408193333895106,0.0167275902590393,0.0,0.0,0.0,2.095596236563086,0.8314620384121101,448.3073995824772,0,DOCILE,../datasets/clean_docile_only/DOCILE/img_087.png
1.8467498761363368,-0.4596893638337987,8.32107701849853,1.079365296820177,0.9247919071648246,0.3850653248366077,9.033664053534084e+17,0.0080053491801538,553.2214781959758,2190.2481274149745,15958.310399999997,-5.276193659178939,30.47935484059921,0.0599047847006208,0.0250291350715035,0.0,0.0,0.0,2.113846599079624,1.1512565151690783,690.4424507402044,0,DOCILE,../datasets/clean_docile_only/DOCILE/img_088.png
1.132305171855399,-0.2249612661184385,5.9412471249635095,0.5587157566380077,0.9461181594052378,0.302663299161331,9.363503200226794e+17,0.0045804896152215,344.0442283417827,1793.051078987541,15958.310399999997,-6.874878738182755,51.520764628282,0.0373729613984624,0.0150827397770318,0.0,0.0,0.0,2.0934215075756,0.7670752773406533,399.9198817833671,0,DOCILE,../datasets/clean_docile_only/DOCILE/img_089.png
1.0761258289248932,-0.2017103393227606,5.653009887744616,0.4998384472741015,0.952138518667482,0.2772422753845974,9.374600336525668e+17,0.0042020020470043,318.4155353427283,1728.6117359498317,16011.097599999976,-7.05614215837714,54.61476805122822,0.035185666731977,0.0140058838673905,0.0,0.0,0.0,2.0926358060024706,0.7141422640245179,366.2087921117901,0,DOCILE,../datasets/clean_docile_only/DOCILE/img_090.png
1.0056894089884465,-0.1444470063116711,4.987597444550011,0.4070815926565627,0.9554685726958834,0.2626961003497644,9.397469707953476e+17,0.0035149457849848,273.4872911465543,1610.7331172573265,16067.680000000026,-7.4183200870018755,60.94142264393204,0.029999436504092,0.011972756756756,0.0,0.0,0.0,2.087156125463868,0.6314015830425439,306.4723659482459,0,DOCILE,../datasets/clean_docile_only/DOCILE/img_091.png
1.0324571886338978,-0.154212287002424,5.044662314655736,0.4307678071169016,0.9537341426306368,0.2703176454708191,9.388342673084218e+17,0.00381265105614,293.8921238950749,1665.7943389646605,16067.680000000026,-7.232422567822168,57.47344125349936,0.0316943184620387,0.0128005939191843,0.0,0.0,0.0,2.0915395337793887,0.6659304549290883,327.87114756087306,0,DOCILE,../datasets/clean_docile_only/DOCILE/img_092.png
1.3599305107400874,-0.2991168106338398,6.744064569228171,0.7170472504243021,0.9408970337885588,0.3238736902078388,9.272954712496911e+17,0.0055665805920251,404.7663582777376,1913.7666780695577,15958.310399999997,-6.270923486518745,43.025271903705104,0.0445417666785741,0.0180648508659885,0.0,0.0,0.0,2.1030567934972138,0.8896756620098124,483.5659421259752,0,DOCILE,../datasets/clean_docile_only/DOCILE/img_093.png
1.8074814313871403,-0.4305106151772712,8.09015531649186,1.0271302600921342,0.924313711096165,0.3867941083662611,9.064298254133138e+17,0.0075181163942404,519.4989261802901,2123.7579632278203,15958.310399999997,-5.40893425551424,32.223032153942626,0.0570270783047354,0.0235976156877346,0.0,0.0,0.0,2.113396662428277,1.1340007623065629,646.1928773245365,0,DOCILE,../datasets/clean_docile_only/DOCILE/img_094.png
1.831289271322342,-0.4595208320301413,8.381854462589063,1.077484047637634,0.9257444220367224,0.3816076135589404,9.035747976627164e+17,0.0079545842500629,546.7346535611767,2176.938439575656,15958.310399999997,-5.292865760298167,30.72302843119648,0.0594431316310931,0.0247687943321196,0.0,0.0,0.0,2.1029384219301823,1.1382618874603163,683.0294669551296,0,DOCILE,../datasets/clean_docile_only/DOCILE/img_095.png
1.042545869684396,-0.1545826950923642,5.115593029338802,0.4340197988681487,0.9530217597305144,0.2734193449109168,9.388730254907122e+17,0.0037920872473049,292.7275447317069,1662.5024323463122,16067.680000000026,-7.245105889433682,57.73295872015767,0.0316552873234616,0.0127750335360573,0.0,0.0,0.0,2.089390952647178,0.6611559388703677,327.81159828140807,0,DOCILE,../datasets/clean_docile_only/DOCILE/img_096.png
1.0211483348052297,-0.1833556233014346,5.412180093563339,0.4712317245094354,0.951446297547552,0.2802211292475245,9.396229443326956e+17,0.0039925872118393,306.27418531033965,1696.049138040551,15958.310399999997,-7.197098553592968,56.75131484188598,0.0341103717883964,0.0134776255359811,0.0,0.0,0.0,2.08647289801842,0.7003620292108806,349.5444770758385,0,DOCILE,../datasets/clean_docile_only/DOCILE/img_097.png
1.2532458150469872,-0.2375690993319213,6.245974674606971,0.6181599222065466,0.9453308160402988,0.3059095624802914,9.311047700386916e+17,0.0049813809519137,371.8541315170568,1851.313773305364,15958.310399999997,-6.531486090524211,46.61195469744028,0.0399908910111029,0.0164242874234479,0.0,0.0,0.0,2.0964525204593807,0.8166717339819795,436.4859277646661,0,DOCILE,../datasets/clean_docile_only/DOCILE/img_098.png
1.029049278269899,-0.1491379805030415,5.048926278614716,0.4201257474721522,0.953818150048104,0.269950789997109,9.393755222772786e+17,0.0036547496013943,281.8297745836523,1632.566374927786,16067.680000000026,-7.343511157367955,59.53461968246669,0.0307224172630331,0.0123199779033426,0.0,0.0,0.0,2.0838627376973533,0.6459469532519752,316.19604289993964,0,DOCILE,../datasets/clean_docile_only/DOCILE/img_099.png
1.3030627464946485,-0.2561275010300601,5.551937160673808,0.5492740983677746,0.8839327671836527,0.5179495818112538,9.408586557089028e+17,0.0040073789841026,308.2492212546624,1706.4886465122736,15928.320000000014,-7.284194714992976,57.81252075798422,0.0341028757419147,0.0140341212413762,0.0,0.0,0.0,2.089819114048744,1.5431305387827718,352.1526367863545,1,DOCILE,../datasets/stego_docile_only/DOCILE/img_000.png
1.50727729522675,-0.2891375048918165,6.021854861964202,0.6552868064929204,0.8797458374970856,0.5300910065525234,9.335107153095823e+17,0.0046020793082401,341.59529492704945,1777.3775825107457,15937.16160000002,-6.779273486065821,50.544348476167066,0.0373212645261749,0.0156765825460958,0.0,0.0,0.0,2.094872039583433,1.5925313259180298,400.343249852506,1,DOCILE,../datasets/stego_docile_only/DOCILE/img_001.png
1.3195451057497374,-0.2121394078536854,4.869057045757867,0.4687812927630065,0.8858861335030369,0.5122012593864695,9.404346425485304e+17,0.0035623946029026,280.94115127570745,1638.817475794248,16070.64959999998,-7.430156707408094,60.74380289653446,0.0302305215232173,0.0127051284640124,0.0,0.0,0.0,2.0824442466125337,1.5009922205117685,309.67723433153753,1,DOCILE,../datasets/stego_docile_only/DOCILE/img_002.png
1.2372392448329532,-0.201932635873597,4.859418065603175,0.4601786747300002,0.8899011710892479,0.5002139840396052,9.42693005622231e+17,0.0034935666913723,273.572354827075,1618.165787737994,15958.310399999997,-7.578820011068068,62.90102992898619,0.02961791358661,0.0123970413595805,0.0,0.0,0.0,2.086403174640511,1.4873718555717157,302.9069396575602,1,DOCILE,../datasets/stego_docile_only/DOCILE/img_003.png
1.2364982728817766,-0.2016829399804482,4.859826563608305,0.459922258243454,0.8900857289233144,0.4996573196931712,9.426944023102072e+17,0.0034935838881168,273.57296770052415,1618.175221052507,15927.3376,-7.578842720090326,62.90127123612061,0.0296197229771401,0.0123948051807026,0.0,0.0,0.0,2.086386820268618,1.4853132458907017,302.91319262248874,1,DOCILE,../datasets/stego_docile_only/DOCILE/img_004.png
1.4210021529567527,-0.2749260346999746,5.698635323316217,0.5897723941803797,0.8826786010619572,0.5216119793185303,9.35988743684056e+17,0.0045209766454557,343.14422434789446,1795.054959450948,16001.350399999974,-6.886836716168455,51.610153898555474,0.0370961246473627,0.0155120065380171,0.0,0.0,0.0,2.0925171657752544,1.5478776432850874,393.571651400847,1,DOCILE,../datasets/stego_docile_only/DOCILE/img_005.png
1.777659732016625,-0.3829321742205275,7.1335185851432,0.8602917874865653,0.8712817670818098,0.5539124259970627,9.218993918379924e+17,0.0059974488508141,431.5303117964599,1968.249162686636,16050.649599999986,-6.033328727994515,39.8583768949411,0.0470475140783507,0.0197692008342953,0.0,0.0,0.0,2.1085505697687297,1.5240520957755543,523.1197788282253,1,DOCILE,../datasets/stego_docile_only/DOCILE/img_006.png
1.8947842568052229,-0.4171262949420297,7.487225050782855,0.9290607763939672,0.868169356885739,0.5624374412381256,9.150389182560036e+17,0.0064386297449582,454.0911930511255,2003.005795953288,16059.590399999972,-5.784720889111688,36.93051992655534,0.0496501931136664,0.0209622161097671,0.0,0.0,0.0,2.096418951700722,1.5659473784230724,555.6472069356417,1,DOCILE,../datasets/stego_docile_only/DOCILE/img_007.png
1.9067077137761883,-0.4040405241442487,7.393373896323105,0.9283279732292916,0.8671628187823008,0.5651681393777968,9.14611774712828e+17,0.0065314145109012,464.4529719529087,2028.5478655502448,16060.406399999974,-5.737624855371982,36.1846226959472,0.0503031246106579,0.0213568828091748,0.0,0.0,0.0,2.110001446078408,1.577980842805119,566.0089111119382,1,DOCILE,../datasets/stego_docile_only/DOCILE/img_008.png
1.3747487764931607,-0.282875462751628,5.757852062459289,0.5879542151820273,0.8837999062218737,0.5183386042966185,9.379952004736086e+17,0.0044055325838523,334.509473671464,1773.1827353668243,15992.240000000002,-7.011601319135933,53.42163685328789,0.0364036450430712,0.0151519499809449,0.0,0.0,0.0,2.0897279076872644,1.5405934646342203,383.9881250484196,1,DOCILE,../datasets/stego_docile_only/DOCILE/img_009.png
1.7191686468610996,-0.3269739287503366,6.393458321835527,0.7290246402802384,0.8744461326345295,0.5451173248334137,9.239147254044136e+17,0.0052142590692845,384.3390811923263,1866.4726639133137,15937.990399999988,-6.27165893267193,43.64050857028524,0.042751503991257,0.0177268561042537,0.0,0.0,0.0,2.0948111492273167,1.5852981193238744,452.1098700369145,1,DOCILE,../datasets/stego_docile_only/DOCILE/img_010.png
1.301948419092539,-0.2076787432283559,4.831574398175558,0.4602893060366955,0.887197941637333,0.508310385187119,9.408467843369436e+17,0.0034797638823518,272.786215354911,1616.407154691189,16090.480000000018,-7.507740934333083,62.18778393707703,0.0295450209966846,0.0123710528521461,0.0,0.0,0.0,2.080298062968362,1.4910545857912965,302.0421456802434,1,DOCILE,../datasets/stego_docile_only/DOCILE/img_011.png
1.708732200540099,-0.3619277350101041,6.870859067589878,0.8045915094090892,0.8735827948673277,0.54752983744746,9.249163788064212e+17,0.0056070000976408,405.5599238401812,1913.1730472503675,15968.479999999974,-6.212677275996814,42.375443386967376,0.0447503635582543,0.0186573234132738,0.0,0.0,0.0,2.0964367635415693,1.545901320695706,489.6074454146265,1,DOCILE,../datasets/stego_docile_only/DOCILE/img_012.png
2.138066610518272,-0.5186300018662571,8.318455032642204,1.1440354992082624,0.86103518851006,0.581521312652177,9.02882462714464e+17,0.0080070319762923,552.9983997899149,2189.203458342994,15948.639999999978,-5.277406037377078,30.49162893625645,0.0599076280285966,0.0255097305591976,0.0,0.0,0.0,2.113071673073691,1.6330322888116149,690.4530971135634,1,DOCILE,../datasets/stego_docile_only/DOCILE/img_013.png
1.3379365217946442,-0.2095692978479109,4.963076199397111,0.4786608235415149,0.8868058208610321,0.5094760187474349,9.38945575821787e+17,0.0036224453652178,279.73004568494866,1629.0712703183317,16067.679999999982,-7.359110151250666,59.79616251244175,0.0304830607443419,0.0127291298019363,0.0,0.0,0.0,2.08342939958589,1.4951443318421278,312.4172417282112,1,DOCILE,../datasets/stego_docile_only/DOCILE/img_014.png
1.8998845347187368,-0.4161311301504947,7.4294666300622305,0.9259481077135352,0.8671465342675303,0.5652122140995482,9.152247078284672e+17,0.0064294434642109,453.6576096669153,2003.581985343473,16069.3376,-5.79428218757576,37.040125578293726,0.0495739402270423,0.0209521297844882,0.0,0.0,0.0,2.0971535682160782,1.568499209781293,555.7080859566194,1,DOCILE,../datasets/stego_docile_only/DOCILE/img_015.png
1.3615662455603506,-0.2745243500023005,5.714051312851118,0.5782052190060449,0.8844045011432763,0.516566317942473,9.385866967411196e+17,0.004298526386221,322.56490674205554,1736.637531313071,15991.600000000002,-7.098352102286477,54.91602463628299,0.0355736517584949,0.0147123856755498,0.0,0.0,0.0,2.0944973013936847,1.531311582082867,373.0403553134444,1,DOCILE,../datasets/stego_docile_only/DOCILE/img_016.png
1.719930460440419,-0.3484539791858053,6.715506678236409,0.7781356350159458,0.8765659628826796,0.5391519983745281,9.234569604303852e+17,0.0053363660185855,389.12344814003575,1870.6867134704653,15958.310399999997,-6.230388661732589,43.07881191341978,0.0434245972684406,0.0180748525014839,0.0,0.0,0.0,2.0930761530059807,1.6023431961392238,466.40820328964594,1,DOCILE,../datasets/stego_docile_only/DOCILE/img_017.png
1.6290812405655997,-0.3058844481850004,6.209385503668943,0.6870651323724264,0.8775060705052283,0.5364873538234297,9.272185909429316e+17,0.0049205168516275,361.1724672276554,1810.2583623014584,15958.310399999997,-6.460155039754098,46.22855049384668,0.0395535354715504,0.0166024142023968,0.0,0.0,0.0,2.0993659561341467,1.5398834928236176,427.49200267489874,1,DOCILE,../datasets/stego_docile_only/DOCILE/img_018.png
1.87958972167386,-0.3879271260209486,7.1121287362488,0.8667580322722895,0.8684221545912251,0.5617496077759655,9.159496326400044e+17,0.006070039101546,431.91644326016194,1957.108491792736,16058.761599999929,-5.884626886875319,38.439392892547325,0.047593433049707,0.02000823493687,0.0,0.0,0.0,2.1019850045139314,1.5409942377630383,525.5830792283328,1,DOCILE,../datasets/stego_docile_only/DOCILE/img_019.png
1.85523003702877,-0.4158858284914904,7.397046682595797,0.9115001243309778,0.8715456796148376,0.5531838634102,9.183195032062254e+17,0.0063815104253878,455.1161206402435,2011.8805228581432,16078.246400000044,-5.862528519182001,37.73899333950581,0.0505409302231805,0.0210414221734279,0.0,0.0,0.0,2.102160701061086,1.5683399570605383,554.8989652637144,1,DOCILE,../datasets/stego_docile_only/DOCILE/img_020.png
2.1015067124646385,-0.4758738451564941,8.020724484675211,1.0689667294439018,0.8609948649496757,0.5816274083554056,9.043537389258574e+17,0.0074600705718801,514.0337838456729,2112.74771793911,15948.479999999996,-5.398295348574339,32.199657273714315,0.056521224409402,0.0238558831431476,0.0,0.0,0.0,2.10581049571871,1.6637495058034704,639.8394363963082,1,DOCILE,../datasets/stego_docile_only/DOCILE/img_021.png
1.6293815816731794,-0.2893598014426529,6.038983179428175,0.6705492740983677,0.8768412487276107,0.5383729507567956,9.277616294123354e+17,0.0046853279536237,349.6776770759112,1791.3874949574629,15958.8064,-6.54172175847394,47.52797182007999,0.038282309382,0.016081293439662,0.0,0.0,0.0,2.0939230481358724,1.60433403545083,408.8687117042597,1,DOCILE,../datasets/stego_docile_only/DOCILE/img_022.png
1.578544011733189,-0.300741126361114,6.062803594426568,0.664900098379148,0.8803912729475954,0.5282351165197067,9.29340239598773e+17,0.0048726121540964,360.5030568720494,1817.7853535444488,15937.990400000002,-6.544351124442968,47.1597073656424,0.0391823519285259,0.0164913954420185,0.0,0.0,0.0,2.0988246229254752,1.5264583914328835,421.09911985233833,1,DOCILE,../datasets/stego_docile_only/DOCILE/img_023.png
1.899541726213588,-0.4162200487708293,7.429591664944121,0.9258250691574909,0.8672209777636243,0.5650107025424526,9.152254852526758e+17,0.0064296291008844,453.6717969074017,2003.6346152334504,16080.406399999967,-5.7942410221732255,37.03961140876486,0.049573164773958,0.0209516599439907,0.0,0.0,0.0,2.097160809835745,1.5677032997363205,555.7109545719561,1,DOCILE,../datasets/stego_docile_only/DOCILE/img_024.png
1.578307480902559,-0.2755169299502211,5.844734072488122,0.6433732622742592,0.8788700924805348,0.5326000520818481,9.301415217105724e+17,0.0044809908962995,335.81185315153084,1754.9611781077665,15948.640000000009,-6.672975264707653,49.46387087233828,0.0370674328832431,0.0154944201571429,0.0,0.0,0.0,2.0920365583498293,1.5887240477006646,391.39375616941646,1,DOCILE,../datasets/stego_docile_only/DOCILE/img_025.png
1.8600328666062087,-0.3928233367953005,7.307956638063364,0.9001407705832389,0.8706805324571059,0.5555688640075923,9.171854283191823e+17,0.006280664970865,448.54467641346514,1994.6274251763743,16077.4304,-5.840582354236824,37.47350855345812,0.0489639171340494,0.0206867483409781,0.0,0.0,0.0,2.0980641165592564,1.55354462017994,545.8820239135125,1,DOCILE,../datasets/stego_docile_only/DOCILE/img_026.png
1.633584996428383,-0.3100793908867719,6.268816895633168,0.7006916524543348,0.8784105072858986,0.5339126200865297,9.26686268630531e+17,0.0050564884695302,372.3856778406117,1840.997556344838,15938.966400000028,-6.394978018300225,45.14214988503278,0.0403886984433554,0.0170346667512966,0.0,0.0,0.0,2.098099147225466,1.550187017528101,436.9318948963773,1,DOCILE,../datasets/stego_docile_only/DOCILE/img_027.png
1.7335285197140669,-0.3850129733301005,7.151140745476829,0.8491076861358811,0.8715451626461147,0.5531852914419688,9.240405199585568e+17,0.0058988107715191,423.6022196420312,1952.9691912127744,16069.337599999975,-6.120880576288852,40.9619552438155,0.0463878619879618,0.0194154862087944,0.0,0.0,0.0,2.0964334028624223,1.5093772076182823,516.4257329051223,1,DOCILE,../datasets/stego_docile_only/DOCILE/img_028.png
1.3282825548312818,-0.2186612267771187,5.08162966766356,0.5035487317981775,0.8855930122371667,0.5130673029147242,9.399090925259104e+17,0.0038049903530434,293.35502348868937,1668.0404764378625,16049.017599999916,-7.295221100537772,58.24744012078803,0.0314645258647206,0.0132616001201906,0.0,0.0,0.0,2.085474807295526,1.4967052178888989,326.7595250471715,1,DOCILE,../datasets/stego_docile_only/DOCILE/img_029.png
1.3629763982480738,-0.2776670028686594,5.7859586879566365,0.5856759340203158,0.8844962630915867,0.5162968802004743,9.383814271893946e+17,0.0043135283282503,326.0155034569278,1748.749672439127,16011.097599999915,-7.064922632447557,54.32948436578408,0.0357403741716222,0.0148108298851049,0.0,0.0,0.0,2.087205253386725,1.5294243896529058,378.1243684709056,1,DOCILE,../datasets/stego_docile_only/DOCILE/img_030.png
1.441866230850296,-0.2808866840747268,5.915226713489047,0.6269724295410404,0.8791210807954908,0.5318820255868818,9.358602165003796e+17,0.0045479398949164,342.4250996785054,1785.7131937330714,15948.639999999978,-6.863181602227978,51.28655456456187,0.0373300529944637,0.0155471106895712,0.0,0.0,0.0,2.0933424074319897,1.5641002503786874,397.8331214392394,1,DOCILE,../datasets/stego_docile_only/DOCILE/img_031.png
1.6419839098937934,-0.3246656634026985,6.455428469542198,0.7286291592072388,0.8778808728293129,0.5354217097396853,9.26574302502913e+17,0.0051121382662258,374.6949170208472,1841.7740580141333,15938.31039999998,-6.3733877913418775,44.80683799965015,0.040796586765704,0.0171954457908552,0.0,0.0,0.0,2.09163130669646,1.561818143715192,444.4294237038234,1,DOCILE,../datasets/stego_docile_only/DOCILE/img_032.png
1.8193486386598368,-0.4264573219055674,7.5453575414395795,0.9366837386971252,0.8682497455221462,0.5622188004259999,9.198646304966308e+17,0.0065680250233254,466.6498192121214,2041.1826320757648,15948.640000000009,-5.859777499805988,37.41053335587912,0.0515510871076788,0.0214959371493936,0.0,0.0,0.0,2.105129787977233,1.569612480286308,575.0048766577659,1,DOCILE,../datasets/stego_docile_only/DOCILE/img_033.png
1.621397757772432,-0.3343567590817188,6.555646041928677,0.7389788730392023,0.8778121159891705,0.5356173417504191,9.278118337493708e+17,0.0052463253218691,383.6901843417496,1869.9327239033744,15917.67040000001,-6.392190462254567,44.87975996292039,0.0426463008561519,0.0176573259395481,0.0,0.0,0.0,2.0987391236897164,1.5689385173493613,458.51303963492927,1,DOCILE,../datasets/stego_docile_only/DOCILE/img_034.png
2.141836979549462,-0.4970894660902121,8.150370868133017,1.1115843385359343,0.8592519049005016,0.5861946572554789,9.03240680938906e+17,0.0078341603487613,540.6029768258558,2167.890517592355,15928.800000000016,-5.316505856390542,31.052053926972896,0.0586356264859619,0.0249309265405557,0.0,0.0,0.0,2.111855368725988,1.623794328020585,671.8354784781244,1,DOCILE,../datasets/stego_docile_only/DOCILE/img_035.png
1.443810692374443,-0.2872037833839015,5.981914138265994,0.6333546669092973,0.8791453783254659,0.5318124699187261,9.35731103706806e+17,0.0045862356670921,343.6809111073423,1788.1452976699989,15929.289600000004,-6.8496811446736965,51.06771805000865,0.0374453370196649,0.0156117573544018,0.0,0.0,0.0,2.089191994632866,1.565198157924012,400.8298313041204,1,DOCILE,../datasets/stego_docile_only/DOCILE/img_036.png
1.6331794246187727,-0.3100000361878106,6.269082378489351,0.7006174674426022,0.8786043705569769,0.5333592981221108,9.266874366625092e+17,0.005056365301793,372.38229066898464,1840.9793224430944,15958.310399999971,-6.394950948096466,45.14185457114464,0.0403892154120783,0.0170340829278569,0.0,0.0,0.0,2.098003083647104,1.549830619977412,436.9385832756482,1,DOCILE,../datasets/stego_docile_only/DOCILE/img_037.png
1.8607341319337016,-0.3965679997394478,7.192588227084972,0.8894118601930464,0.8682629282245795,0.562182938367536,9.170865351681312e+17,0.0062955136923617,450.3736845475562,2004.2193440930296,16059.590399999994,-5.846925435336827,37.6015298645084,0.0488351919220535,0.0206958203520578,0.0,0.0,0.0,2.1034370516392324,1.559440431071818,544.5265974643308,1,DOCILE,../datasets/stego_docile_only/DOCILE/img_038.png
1.563966047300307,-0.3009220654141203,6.246159556528512,0.6860368815826273,0.8784430763154398,0.5338196974947669,9.305947321537436e+17,0.004982886942913,371.72090193921326,1850.304145949904,15938.8064,-6.533070536418426,46.63214819661284,0.0399877891987656,0.0169369242945041,0.0,0.0,0.0,2.095295974507648,1.541250123306788,436.63000184574247,1,DOCILE,../datasets/stego_docile_only/DOCILE/img_039.png
1.8021368518866456,-0.379903771441924,7.128614884121723,0.8544128191700274,0.8732465067130973,0.5484669234592773,9.197438785531604e+17,0.0060322055101573,431.8543049910851,1969.4879386764112,16066.02240000006,-5.977778997016144,39.32041587599933,0.0470542346717481,0.0198594364199679,0.0,0.0,0.0,2.098744365368952,1.522305133949163,526.3733985191095,1,DOCILE,../datasets/stego_docile_only/DOCILE/img_040.png
1.353426787933265,-0.2188654294226545,5.072325573295249,0.4999620027988686,0.8859386058284088,0.512046097585151,9.384050432099776e+17,0.0037991419299296,292.57341280232515,1662.365614812136,16077.43039999996,-7.252113764304382,57.84652130608687,0.0315764495932231,0.0132807768985456,0.0,0.0,0.0,2.0874042359047804,1.512472245753858,326.5162744943986,1,DOCILE,../datasets/stego_docile_only/DOCILE/img_041.png
1.856673939159426,-0.3969720107963748,7.209250240110096,0.8771475526959144,0.8689763450621474,0.5602388941512748,9.173436469393436e+17,0.0062146689897634,442.9623005993367,1988.6116134763909,16088.000000000056,-5.884072211540172,38.1887637841951,0.0482101767360972,0.0203698084406277,0.0,0.0,0.0,2.104202986869943,1.5442819915166976,536.8063375117782,1,DOCILE,../datasets/stego_docile_only/DOCILE/img_042.png
1.834734176831464,-0.409979977801363,7.345094900018091,0.9090496925845488,0.8689812562650147,0.5602254889212781,9.189418285419087e+17,0.0063666717015213,454.24741376161575,2014.7770163478365,16060.40640000005,-5.884535553980487,37.904810179447935,0.0491694122013924,0.0208564418003697,0.0,0.0,0.0,2.101422722791334,1.5605631773931568,551.4865356075665,1,DOCILE,../datasets/stego_docile_only/DOCILE/img_043.png
2.141476719162448,-0.4969674614716135,8.15020641439036,1.1113258541744966,0.8592581085251761,0.586178465778014,9.032407725653396e+17,0.007834018662584,540.5943850836045,2167.8559885018976,15937.990399999988,-5.3164301446149445,31.051288956757723,0.0586376943608534,0.0249298806499898,0.0,0.0,0.0,2.111830335071749,1.6233165358803787,671.8408679580932,1,DOCILE,../datasets/stego_docile_only/DOCILE/img_044.png
1.3018878404060237,-0.2076262709029841,4.831879688739785,0.4603112772074176,0.8872602363684394,0.5081250015673954,9.408472654685664e+17,0.0034797689923527,272.7900054254912,1616.4348333473563,16058.761599999896,-7.507696003793084,62.187436124311176,0.0295452794810461,0.0123708446407329,0.0,0.0,0.0,2.080278628286035,1.489815998031319,302.05138626537524,1,DOCILE,../datasets/stego_docile_only/DOCILE/img_045.png
1.3275795162556971,-0.2184027424156811,5.081577556365437,0.5033362576530758,0.885813499397473,0.5124159751705104,9.399109033472612e+17,0.0038050204888752,293.3588712471895,1668.06572187983,16079.910400000026,-7.295212773193967,58.247298949688194,0.0314642673803592,0.0132600982470637,0.0,0.0,0.0,2.085474880002147,1.494214333249596,326.76720445702284,1,DOCILE,../datasets/stego_docile_only/DOCILE/img_046.png
2.0970023266469933,-0.4900033758057603,8.087736982505215,1.091591090147455,0.8605107237407029,0.5828997078702899,9.059461233189032e+17,0.0075197302221896,519.2942038455368,2122.7398604556106,15927.337600000028,-5.410306407779434,32.23732328227846,0.0570239764923982,0.0240826226796393,0.0,0.0,0.0,2.112623007163053,1.6810435885590105,646.2263265625653,1,DOCILE,../datasets/stego_docile_only/DOCILE/img_047.png
1.4474400425499945,-0.2817280506712063,5.826304536464549,0.616147879937116,0.8782145761399289,0.5344713283438587,9.360096311140344e+17,0.0045149303498385,339.7708762460709,1778.5241137618857,15958.310399999997,-6.893986992938464,51.8222306072899,0.037049080493581,0.0154424301162819,0.0,0.0,0.0,2.0959615311858832,1.5631863322039257,393.80172068105645,1,DOCILE,../datasets/stego_docile_only/DOCILE/img_048.png
1.507008874159352,-0.2890878758944205,6.021450093372136,0.6550986298777938,0.8797499732468685,0.5300791326984748,9.335107996628484e+17,0.0046020551613043,341.5918375858066,1777.3587675841654,15948.640000000014,-6.779164983844147,50.54282827002879,0.037320747557452,0.0156762315810177,0.0,0.0,0.0,2.0949280039270715,1.5922358730511217,400.3359839160855,1,DOCILE,../datasets/stego_docile_only/DOCILE/img_049.png
1.4283394164979673,-0.2766581384059683,5.777310237331468,0.6021705965767365,0.8797347226695438,0.5301229163795157,9.36445383947874e+17,0.0043580275591511,328.3073376989702,1748.458553874235,15958.310399999997,-6.967031013571266,53.08528367067997,0.0361893615074394,0.0149854471529732,0.0,0.0,0.0,2.0897553117016643,1.553319236913317,380.1250192365704,1,DOCILE,../datasets/stego_docile_only/DOCILE/img_050.png
1.881537705608415,-0.4085497838295285,7.317505299466318,0.8971358898815263,0.8687899778375509,0.5607473615900103,9.155328561185884e+17,0.006227759908058,443.9992446508067,1984.9315194513567,16049.017599999992,-5.840036321331798,37.756743214103416,0.0485860129976276,0.0204940651279506,0.0,0.0,0.0,2.102340743336635,1.5515803116331124,543.9264326263917,1,DOCILE,../datasets/stego_docile_only/DOCILE/img_051.png
1.290204978156454,-0.236774518404862,5.297638570353689,0.5286953829006391,0.8848958799143694,0.5151221102586271,9.412991204912463e+17,0.0038667350613128,298.4463505149351,1678.2756218387656,16079.910400000026,-7.338771252280324,58.745519558521394,0.0332354022249299,0.0136323859232236,0.0,0.0,0.0,2.0879992640513056,1.533949496366692,336.814710485945,1,DOCILE,../datasets/stego_docile_only/DOCILE/img_052.png
1.655025608621863,-0.3304164234759633,6.620335489091984,0.7499913407738918,0.8775864591416355,0.5362589505401804,9.259299552546936e+17,0.0052858653299791,389.6431932380599,1882.601062669857,15947.657600000006,-6.30328738616366,43.65916356029029,0.0419328840185839,0.0177777067408117,0.0,0.0,0.0,2.095047217069164,1.5731519530509603,463.622225938653,1,DOCILE,../datasets/stego_docile_only/DOCILE/img_053.png
1.839047474815192,-0.3997101356370838,7.268280884406663,0.8746260377500901,0.8726788750553802,0.5500453191635307,9.175700217949628e+17,0.0061274754476922,436.51338489718233,1975.6426799716053,16067.680000000011,-5.913974474707683,38.68154725917233,0.0476590880775122,0.0201135830860873,0.0,0.0,0.0,2.1009496882940084,1.5918798668297116,530.6104045035928,1,DOCILE,../datasets/stego_docile_only/DOCILE/img_055.png
1.3415452355451518,-0.2158217760667262,4.976508513364946,0.4811813045498934,0.8867311188805767,0.5096978299752293,9.38832334506772e+17,0.0036772584989486,283.48330092057705,1638.749885274553,16057.926400000062,-7.345233252890681,59.56460427918572,0.0308586385215108,0.0129080420550342,0.0,0.0,0.0,2.081518633522061,1.4994926297897424,315.50236613968843,1,DOCILE,../datasets/stego_docile_only/DOCILE/img_056.png
1.816877135061847,-0.3954363552050737,7.238004792786336,0.8867520561138531,0.8720034554189438,0.5519179881428862,9.19322992568435e+17,0.006152070708329,443.7162110477385,1996.065837646412,16079.910399999986,-5.929110567885523,38.5844352624772,0.0480486240101987,0.0203661400763598,0.0,0.0,0.0,2.099530326922953,1.5397935583159674,539.3973781887113,1,DOCILE,../datasets/stego_docile_only/DOCILE/img_057.png
1.9708745800105287,-0.4169830946057932,7.549805746700758,0.9694970359598274,0.8699697004631523,0.5575212757672794,9.11816931090639e+17,0.0066698604811998,472.00567759701727,2046.1294084562264,15958.310399999997,-5.668742475209024,35.53005157829904,0.0522060864795619,0.0219241159656883,0.0,0.0,0.0,2.1057399713713094,1.6087833769111353,580.4091351893642,1,DOCILE,../datasets/stego_docile_only/DOCILE/img_058.png
1.801676330167495,-0.3685395064913178,7.01307724920857,0.8360079571825825,0.8742866477835225,0.545563725414914,9.201224699366223e+17,0.0057167815337445,411.3810989518574,1913.7453774198505,16058.729600000006,-6.045609524580735,40.568218154227374,0.0469479975991972,0.0192320998581534,0.0,0.0,0.0,2.093075182724516,1.5759289900946678,498.81816959547086,1,DOCILE,../datasets/stego_docile_only/DOCILE/img_059.png
1.5790636804188571,-0.3007674917659806,6.062721664213072,0.6651167082740327,0.8802276523468053,0.5287061314356936,9.29338915151142e+17,0.0048726385173283,360.5000528023677,1817.7735987800893,15947.817600000017,-6.544273822342454,47.158648521261206,0.0391779576943815,0.0164924472411674,0.0,0.0,0.0,2.0987970335028137,1.527006048917545,421.0969243815653,1,DOCILE,../datasets/stego_docile_only/DOCILE/img_060.png
1.3464094774477,-0.2481343891213237,5.413747205234264,0.5404336747222457,0.8838500521879926,0.5181918039458289,9.391060537275668e+17,0.0039937607629247,306.16030532752984,1695.136843982488,15947.657599999991,-7.1993527697136415,56.78287583378503,0.0341052021011676,0.0139992175365516,0.0,0.0,0.0,2.0851179981881405,1.5180971479111398,349.6902803398502,1,DOCILE,../datasets/stego_docile_only/DOCILE/img_061.png
1.2892709153552195,-0.2366855997845274,5.2983325200669045,0.528646270871966,0.885090001669809,0.5145506267399764,9.413008205824916e+17,0.0038668836686819,298.45674567983093,1678.3137709512785,16079.910400000064,-7.338813338113483,58.7462075214677,0.0332379870685443,0.0136314531773788,0.0,0.0,0.0,2.088054509368522,1.5317001842392175,336.8385452396745,1,DOCILE,../datasets/stego_docile_only/DOCILE/img_062.png
1.4433369910950022,-0.283300669526193,5.91726440091006,0.6283416212035756,0.8790350055031321,0.532128365761521,9.359447291528207e+17,0.0045026360109286,338.6071931019958,1772.2501755396752,15917.670400000025,-6.883093129425435,51.65867008040288,0.037117578849362,0.0154306160365183,0.0,0.0,0.0,2.092020117349978,1.565665286863076,392.93050829907537,1,DOCILE,../datasets/stego_docile_only/DOCILE/img_063.png
2.128109413748864,-0.5110202222655327,8.4593628137987,1.1529134030861998,0.8619838261165361,0.5790196769966842,9.031608583187471e+17,0.0079182828847774,543.2623246309357,2170.5005606364048,15947.657599999977,-5.302007149833155,30.83085260440503,0.0592014487531489,0.0251276480514779,0.0,0.0,0.0,2.099828379544383,1.6230400772231908,683.9283657688741,1,DOCILE,../datasets/stego_docile_only/DOCILE/img_064.png
1.3490083014878815,-0.2088796615715952,5.022513232126396,0.4886853640467898,0.8860303677767192,0.5117746610307715,9.388888764689958e+17,0.0036476251352241,279.07768406698466,1620.5343337482018,16109.926399999986,-7.342523233387169,59.49104266067968,0.0305975693164587,0.0127604546762336,0.0,0.0,0.0,2.087874207545547,1.4995642086697167,313.8711018845324,1,DOCILE,../datasets/stego_docile_only/DOCILE/img_065.png
2.0995026899789138,-0.4872383685914618,8.112480314303932,1.0734364410218815,0.8653761748760438,0.5699840341290667,9.033264703339642e+17,0.0072684883145299,501.6084564461746,2088.434441934109,15907.337599999992,-5.435704093435097,32.87424834856987,0.0557610219024138,0.0233957685801698,0.0,0.0,0.0,2.106597301932573,1.6496450249359502,627.9580705173074,1,DOCILE,../datasets/stego_docile_only/DOCILE/img_066.png
1.312601954620931,-0.2097566990099532,4.899861447933287,0.4740616112984548,0.8867546409574675,0.5096279949496436,9.40421824535162e+17,0.0036088962780124,281.1183574828476,1639.2283946416694,16058.281600000037,-7.422782950891656,60.62423046193313,0.0303377925332139,0.0127345384568857,0.0,0.0,0.0,2.0857708365729346,1.498228760532209,310.8247317241074,1,DOCILE,../datasets/stego_docile_only/DOCILE/img_067.png
1.705834722443741,-0.3796297780188001,7.05626080740485,0.8328278240838151,0.8748997726888526,0.5438457505980967,9.239523639019446e+17,0.0059109813902763,425.40441863094543,1956.425483446272,15958.806400000009,-6.104040018595379,40.70455785536732,0.0465631143850165,0.0194789492040687,0.0,0.0,0.0,2.101216053033552,1.502239058132196,513.115744442777,1,DOCILE,../datasets/stego_docile_only/DOCILE/img_068.png
1.218836845072801,-0.1883384263368682,4.561024374220869,0.4248118104606553,0.8910788258399579,0.4966532935345702,9.434201874871409e+17,0.0032420553160429,256.882160380044,1570.128596364545,15968.799999999996,-7.733733329909026,65.82385652503639,0.0281791896308481,0.0116895482868225,0.0,0.0,0.0,2.0797399918477923,1.4715717905803238,280.5537728022492,1,DOCILE,../datasets/stego_docile_only/DOCILE/img_069.png
1.8278842608184287,-0.4131655390717206,7.271251963501441,0.8895827183559567,0.8699167111690576,0.5576665607254131,9.189484680886492e+17,0.0062949750423671,448.27391091657887,1999.226964171643,15953.36639999981,-5.909257676620477,38.33556444194674,0.0500890995593875,0.0207532086079188,0.0,0.0,0.0,2.105824762032084,1.548788054928388,549.196263577886,1,DOCILE,../datasets/stego_docile_only/DOCILE/img_070.png
1.6293451839125856,-0.2894262319235424,6.038799087904364,0.670583652518439,0.8768533974925983,0.5383385469404417,9.277614420857231e+17,0.0046852311131192,349.6668613127094,1791.3155366871142,15937.99040000001,-6.541633411570941,47.52678001242055,0.0382817924132772,0.0160813027177733,0.0,0.0,0.0,2.093973212409833,1.604568942360997,408.8416469976479,1,DOCILE,../datasets/stego_docile_only/DOCILE/img_071.png
1.6559616081335176,-0.3306444066827513,6.620602016488551,0.750289114758268,0.8772618027836698,0.5371808446717228,9.259276872954383e+17,0.0052860299612702,389.6511907400683,1882.6408706543657,15928.799999999974,-6.303291833651533,43.659224750304496,0.0419277143313552,0.017779609429351,0.0,0.0,0.0,2.0950784333649133,1.574954082851784,463.6282662324957,1,DOCILE,../datasets/stego_docile_only/DOCILE/img_072.png
1.347022609470441,-0.2161420381905474,5.020287040908712,0.492145952677717,0.8863309850890712,0.5108845765268248,9.386312363060504e+17,0.003733316935754,286.9453088175831,1645.137885032174,16047.359999999928,-7.291602100543185,58.571845137327486,0.0311832948794764,0.013062491841239,0.0,0.0,0.0,2.085099962666148,1.4840898375244411,321.11649404691235,1,DOCILE,../datasets/stego_docile_only/DOCILE/img_073.png
1.801246367653804,-0.3684040606859244,7.013090299664333,0.8358244332859618,0.8745172158339248,0.5449182541899257,9.20124081345521e+17,0.0057167668356214,411.3812395706573,1913.770443767349,16087.999999999982,-6.045668206621458,40.56893463379984,0.0469474806304743,0.0192312653754013,0.0,0.0,0.0,2.0930391997669795,1.574279236885116,498.8321021553952,1,DOCILE,../datasets/stego_docile_only/DOCILE/img_074.png
1.983362725682384,-0.4740510134396359,8.014388831437055,1.0378731286378442,0.867172899672397,0.5651408533618585,9.111275844121428e+17,0.0069897696846101,489.1967176481353,2067.179455742267,15949.609600000003,-5.597255461283997,34.5107605709294,0.0542811989331833,0.0227695688274787,0.0,0.0,0.0,2.1040699287094218,1.6241318174952777,612.336248010686,1,DOCILE,../datasets/stego_docile_only/DOCILE/img_075.png
1.3980717920353627,-0.2620186181115856,5.592847777886762,0.5711395489861468,0.8838658197340403,0.5181456377705339,9.369658106895624e+17,0.0042180066692481,317.7881346281781,1720.551898444584,16011.09759999996,-7.03873621156533,54.28032102193562,0.0352937131950579,0.0145348430245229,0.0,0.0,0.0,2.093544106370933,1.5265276198454023,366.0666349230433,1,DOCILE,../datasets/stego_docile_only/DOCILE/img_076.png
1.6202865637669068,-0.316973168806314,6.320009997366561,0.7126413844835974,0.876052354456503,0.5406027892633032,9.286610905120598e+17,0.0050384526111911,369.9643775273792,1839.7289019579343,15948.64000000002,-6.4788351362028695,46.18464528076898,0.0400601648199682,0.0169292373980629,0.0,0.0,0.0,2.096061980347536,1.5611549538142302,436.1690901468026,1,DOCILE,../datasets/stego_docile_only/DOCILE/img_077.png
1.8111682202405843,-0.4277078692462027,7.43313336989218,0.9195627685329408,0.8683086799565539,0.5620584589237244,9.207626276780028e+17,0.0063008798714753,447.3306186128509,1995.322770959869,15928.800000000032,-5.954314388654328,38.83539820388192,0.0501777596953606,0.0207521744491743,0.0,0.0,0.0,2.1044102075665374,1.5573089060330298,550.3544105051195,1,DOCILE,../datasets/stego_docile_only/DOCILE/img_078.png
1.334800805190771,-0.2139865371005188,5.028754968679203,0.4818564657019685,0.8869627208684248,0.5090098772323449,9.39008874502253e+17,0.0035830271560708,278.245421306254,1622.64068558673,16068.489599999946,-7.374295794435854,60.10587734035151,0.0304417032465118,0.0127071133993058,0.0,0.0,0.0,2.0843734521667496,1.4946694840447687,311.401018230623,1,DOCILE,../datasets/stego_docile_only/DOCILE/img_079.png
1.227623546871628,-0.196503688830322,4.691604585512882,0.4402601283219764,0.8906704205488863,0.4978904497911234,9.429538886235268e+17,0.0034015483960902,267.36061078987274,1602.0823867147683,15948.63999999997,-7.64180455750364,64.09695369866776,0.0290265013676407,0.0121208645109489,0.0,0.0,0.0,2.0854061931178176,1.4772265509341642,293.5530376296446,1,DOCILE,../datasets/stego_docile_only/DOCILE/img_080.png
2.1293946460101645,-0.4855313378685276,8.084564849861584,1.0881467860312983,0.8588251472197681,0.587307394815502,9.04060112272477e+17,0.0075270256035769,522.2003312330404,2131.889319371827,15947.657600000006,-5.378057487947384,31.903271752937563,0.0571064330036968,0.0241795355109511,0.0,0.0,0.0,2.1045937358138564,1.6793004927086554,650.0060430684467,1,DOCILE,../datasets/stego_docile_only/DOCILE/img_081.png
1.8020335594501384,-0.3797990852755417,7.129179951605913,0.8543577620010412,0.8731761989667863,0.5486626535693341,9.197437102025512e+17,0.0060323557032314,431.8699991995384,1969.5595841360985,16067.680000000011,-5.97784640201816,39.32116540329193,0.0470526837655795,0.0198604680203174,0.0,0.0,0.0,2.098729745848555,1.522103154998146,526.3944377762659,1,DOCILE,../datasets/stego_docile_only/DOCILE/img_082.png
1.6290997283676816,-0.3057787280811723,6.209802626675478,0.6870323048585237,0.8774926293184336,0.5365255349749314,9.272187731435104e+17,0.0049206955022314,361.1843259219102,1810.3183776986243,15928.160000000018,-6.460221465181883,46.22920009395833,0.0395553448620804,0.016602432152461,0.0,0.0,0.0,2.099314790427227,1.5390802927497549,427.49459112601113,1,DOCILE,../datasets/stego_docile_only/DOCILE/img_083.png
1.398739542334826,-0.2220194556009166,5.103944826380537,0.5069235036211074,0.884816525215408,0.5153555722870872,9.363321790180392e+17,0.0038329984611422,292.58569742338494,1659.7430971176148,16079.59039999995,-7.148406055970126,56.62257656795229,0.0315534444850552,0.0132800678463536,0.0,0.0,0.0,2.0850693117094354,1.518742661260139,327.0498485737067,1,DOCILE,../datasets/stego_docile_only/DOCILE/img_084.png
1.9341899038449355,-0.4655998672424319,7.7873720850782915,0.9884077518426058,0.8682549152093749,0.5622047371348928,9.12975747215273e+17,0.0070559621707995,494.5785572838191,2089.959678162232,15927.817600000017,-5.633446168480254,34.77349550129088,0.0543003267759297,0.0227649207927125,0.0,0.0,0.0,2.1102287002658398,1.608885654815716,610.1621447730455,1,DOCILE,../datasets/stego_docile_only/DOCILE/img_085.png
1.3735538488312238,-0.2823613373567286,5.7577282309184605,0.587505744814933,0.8841666955307537,0.517264026342696,9.379980046780724e+17,0.0044053964908668,334.503530048144,1773.1530089277894,15991.59999999996,-7.011619825616215,53.4217832242261,0.0364020941369026,0.0151489750428837,0.0,0.0,0.0,2.0897415517853566,1.537655250292389,383.9763945224119,1,DOCILE,../datasets/stego_docile_only/DOCILE/img_086.png
1.637548321686784,-0.3188094417099671,6.433824433440401,0.7209376985483001,0.8782561921221205,0.5343527014575208,9.265267904912316e+17,0.0051607801693788,376.6669736074104,1850.568476366496,15958.310399999997,-6.374190327358236,44.80109144707454,0.0408149391553661,0.017240752892614,0.0,0.0,0.0,2.0944538331103404,1.554983454142391,448.4555822591441,1,DOCILE,../datasets/stego_docile_only/DOCILE/img_087.png
2.1385423844857208,-0.5189055461955496,8.318205383376746,1.144170428044933,0.8609837501221339,0.5816566492377528,9.028818049918897e+17,0.0080069672972417,552.9967960098437,2189.2027714648098,15937.990399999995,-5.277447272128331,30.492074209731868,0.0599016828882835,0.0255104537832433,0.0,0.0,0.0,2.113112178104392,1.634285993252717,690.4412820344488,1,DOCILE,../datasets/stego_docile_only/DOCILE/img_088.png
1.4431644732608713,-0.2888092297527907,5.941707475201346,0.6265681599997519,0.8792722941469319,0.5314490222192528,9.358393622445553e+17,0.0045816568267706,343.9108011735281,1792.0800062036762,15948.64,-6.876855688142873,51.54703206435666,0.0373721859453781,0.0155989270000591,0.0,0.0,0.0,2.092218992886733,1.5637285204334463,400.0165197657986,1,DOCILE,../datasets/stego_docile_only/DOCILE/img_089.png
1.396100742633387,-0.2663381502755702,5.654251638020875,0.5688920274634465,0.8843380706623869,0.5167613015342948,9.36942443407431e+17,0.0042034336054635,318.3115668902342,1727.6850889885209,16011.09759999988,-7.057931379122175,54.63985437572282,0.0351820479509169,0.0145295380332454,0.0,0.0,0.0,2.091245904610355,1.524330260944831,366.3849095888172,1,DOCILE,../datasets/stego_docile_only/DOCILE/img_090.png
1.331150839756734,-0.2100800629461117,4.990351393729161,0.4769930824415192,0.8872289597607055,0.5082180849849156,9.392261328372932e+17,0.0035163601453504,273.40641941652854,1609.860326395804,16077.430400000025,-7.4203615363900495,60.97172484766549,0.0299984025666463,0.0125023046762228,0.0,0.0,0.0,2.085599631406964,1.4926732928819972,306.6673836992081,1,DOCILE,../datasets/stego_docile_only/DOCILE/img_091.png
1.3572592278280338,-0.2197861507180954,5.046809338751708,0.5005709919544158,0.8854888430395073,0.5133747819705052,9.383132912917244e+17,0.0038141245517838,293.80316748805444,1664.9032388598573,16077.430400000005,-7.234345970256402,57.50091864203778,0.0316914751340629,0.0133287961356269,0.0,0.0,0.0,2.0900197814470896,1.5181130775622556,328.0613065705231,1,DOCILE,../datasets/stego_docile_only/DOCILE/img_092.png
1.6691243158839102,-0.3614983924857562,6.743025842963634,0.7840401932842661,0.8748400628013605,0.5440132750390239,9.267919078995684e+17,0.0055681352766561,404.62277096684073,1912.800396541912,15929.129600000022,-6.272454114475091,43.04395438790356,0.0445433175847428,0.0185709678849868,0.0,0.0,0.0,2.1020082455178923,1.5389112311251494,483.67308514261913,1,DOCILE,../datasets/stego_docile_only/DOCILE/img_093.png
2.097228157986243,-0.4900599838809152,8.087801547369974,1.0915251766352885,0.8604401575100304,0.5830849170536188,9.05945468962102e+17,0.0075196836944381,519.2879903579264,2122.700949410639,15958.310400000017,-5.410253509606382,32.23666109666746,0.0570242349767596,0.0240822993721663,0.0,0.0,0.0,2.1125957557092137,1.6804156227892022,646.2176609569195,1,DOCILE,../datasets/stego_docile_only/DOCILE/img_094.png
2.124476209304805,-0.518787677326734,8.379261641595333,1.1423450114844602,0.8616253083072221,0.5799663974805561,9.03089726344272e+17,0.0079562594768445,546.5141822755345,2175.899337660302,15948.64,-5.294089591567077,30.73556299789002,0.0594423561780088,0.0252511102576675,0.0,0.0,0.0,2.102236606013325,1.6242437189246934,683.0464666951024,1,DOCILE,../datasets/stego_docile_only/DOCILE/img_095.png
1.362907029762102,-0.2200523896103761,5.117960669050199,0.5038072161596151,0.8848886423522491,0.5151434069080703,9.383520692121542e+17,0.0037936346331915,292.64324300519064,1661.651226077934,16078.24640000004,-7.24704149825228,57.76098497917699,0.0316527024798472,0.0133030409474249,0.0,0.0,0.0,2.0878722812243944,1.5129196616047298,328.0099288300032,1,DOCILE,../datasets/stego_docile_only/DOCILE/img_096.png
1.3470355817763413,-0.2483396257043052,5.413709958502217,0.5406968118021892,0.8836246538248189,0.5188513714489377,9.391043867795236e+17,0.0039937916464278,306.16234852522774,1695.144249197181,15947.817599999997,-7.199319294915651,56.782407789839226,0.034107786944782,0.0140002189294487,0.0,0.0,0.0,2.0850891115166097,1.5194095361867666,349.69715755117875,1,DOCILE,../datasets/stego_docile_only/DOCILE/img_097.png
1.564874079746968,-0.3012971262225664,6.246060302514354,0.6864191799531937,0.8780861094122945,0.5348373770477264,9.30592072553774e+17,0.0049829075474521,371.7206617100504,1850.295457495816,15968.799999999996,-6.533040883050395,46.631747238989455,0.03999037404238,0.0169384009205286,0.0,0.0,0.0,2.095280898331505,1.5425528609815422,436.629436337862,1,DOCILE,../datasets/stego_docile_only/DOCILE/img_098.png
1.3492111227353498,-0.2144476732013236,5.05132733315818,0.4896968133530953,0.8860058117623826,0.5118473107673234,9.38856818935791e+17,0.0036562439279667,281.75205959037606,1631.7340298281472,16057.92640000007,-7.345534377693542,59.56430243837004,0.0307247436222861,0.0128471422361976,0.0,0.0,0.0,2.082332503952625,1.4992750984284886,316.39800472249283,1,DOCILE,../datasets/stego_docile_only/DOCILE/img_099.png
1.6559492196003816,-0.33082405331395043,6.553563609475208,0.7483497065944014,0.8772320770821045,0.5372651831463395,9.258175429801622e+17,0.005400329052520862,391.81054251174487,1885.540939983318,15960.08960000001,-6.281850609846568,43.3276502225257,0.04211149671233741,0.017862055093553167,0.0,0.0,0.0,2.096997787744082,1.5034845349165442,465.02867350045574,1,DOCILE,../datasets/stego_docile_only/DOCILE/img_054.png
